team,team_avg_speed
TEAM_0,259.80146403543864
TEAM_1,279.33360038370887
unknown,204.6118310949095
